FirstDayOfMonth,Pool,Oil(BBLS),Gas(MCF),Water(BBLS),Days P/I,Well API
1995-02-01,[71629] BASIN FRUITLAND COAL (GAS),0,11026,0,13,30-045-29202
1995-03-01,[71629] BASIN FRUITLAND COAL (GAS),0,38693,0,31,30-045-29202
1995-04-01,[71629] BASIN FRUITLAND COAL (GAS),0,39474,0,30,30-045-29202
1995-05-01,[71629] BASIN FRUITLAND COAL (GAS),0,38840,0,31,30-045-29202
1995-06-01,[71629] BASIN FRUITLAND COAL (GAS),0,33928,0,30,30-045-29202
1995-07-01,[71629] BASIN FRUITLAND COAL (GAS),0,26393,0,31,30-045-29202
1995-08-01,[71629] BASIN FRUITLAND COAL (GAS),0,25637,0,31,30-045-29202
1995-09-01,[71629] BASIN FRUITLAND COAL (GAS),0,31582,0,30,30-045-29202
1995-10-01,[71629] BASIN FRUITLAND COAL (GAS),0,32135,0,31,30-045-29202
1995-11-01,[71629] BASIN FRUITLAND COAL (GAS),0,28244,0,30,30-045-29202
1995-12-01,[71629] BASIN FRUITLAND COAL (GAS),0,32329,0,31,30-045-29202
1996-01-01,[71629] BASIN FRUITLAND COAL (GAS),0,32554,0,31,30-045-29202
1996-02-01,[71629] BASIN FRUITLAND COAL (GAS),0,28999,0,29,30-045-29202
1996-03-01,[71629] BASIN FRUITLAND COAL (GAS),0,29892,0,31,30-045-29202
1996-04-01,[71629] BASIN FRUITLAND COAL (GAS),0,25343,0,30,30-045-29202
1996-05-01,[71629] BASIN FRUITLAND COAL (GAS),0,39474,0,31,30-045-29202
1996-06-01,[71629] BASIN FRUITLAND COAL (GAS),0,26714,0,30,30-045-29202
1996-07-01,[71629] BASIN FRUITLAND COAL (GAS),0,26062,0,31,30-045-29202
1996-08-01,[71629] BASIN FRUITLAND COAL (GAS),0,24234,0,31,30-045-29202
1996-09-01,[71629] BASIN FRUITLAND COAL (GAS),0,18449,0,30,30-045-29202
1996-10-01,[71629] BASIN FRUITLAND COAL (GAS),0,24953,0,31,30-045-29202
1996-11-01,[71629] BASIN FRUITLAND COAL (GAS),0,22314,0,30,30-045-29202
1996-12-01,[71629] BASIN FRUITLAND COAL (GAS),0,21939,0,31,30-045-29202
1997-01-01,[71629] BASIN FRUITLAND COAL (GAS),0,20655,0,31,30-045-29202
1997-02-01,[71629] BASIN FRUITLAND COAL (GAS),0,17011,0,28,30-045-29202
1997-03-01,[71629] BASIN FRUITLAND COAL (GAS),0,18790,0,31,30-045-29202
1997-04-01,[71629] BASIN FRUITLAND COAL (GAS),0,19108,0,30,30-045-29202
1997-05-01,[71629] BASIN FRUITLAND COAL (GAS),0,19732,0,31,30-045-29202
1997-06-01,[71629] BASIN FRUITLAND COAL (GAS),0,17704,0,30,30-045-29202
1997-07-01,[71629] BASIN FRUITLAND COAL (GAS),0,19726,0,31,30-045-29202
1997-08-01,[71629] BASIN FRUITLAND COAL (GAS),0,19368,0,31,30-045-29202
1997-09-01,[71629] BASIN FRUITLAND COAL (GAS),0,18246,0,30,30-045-29202
1997-10-01,[71629] BASIN FRUITLAND COAL (GAS),0,13944,0,31,30-045-29202
1997-11-01,[71629] BASIN FRUITLAND COAL (GAS),0,14661,0,30,30-045-29202
1997-12-01,[71629] BASIN FRUITLAND COAL (GAS),0,13774,0,31,30-045-29202
1998-01-01,[71629] BASIN FRUITLAND COAL (GAS),0,17725,0,31,30-045-29202
1997-12-01,[71629] BASIN FRUITLAND COAL (GAS),0,19321,85,28,30-045-29202
1997-12-01,[71629] BASIN FRUITLAND COAL (GAS),0,18935,0,31,30-045-29202
1997-12-01,[71629] BASIN FRUITLAND COAL (GAS),0,18433,0,30,30-045-29202
1997-12-01,[71629] BASIN FRUITLAND COAL (GAS),0,19517,0,31,30-045-29202
1997-12-01,[71629] BASIN FRUITLAND COAL (GAS),0,21680,240,30,30-045-29202
1997-12-01,[71629] BASIN FRUITLAND COAL (GAS),0,23060,0,31,30-045-29202
1997-12-01,[71629] BASIN FRUITLAND COAL (GAS),0,19538,0,31,30-045-29202
1997-12-01,[71629] BASIN FRUITLAND COAL (GAS),0,20493,80,30,30-045-29202
1997-12-01,[71629] BASIN FRUITLAND COAL (GAS),0,20882,160,31,30-045-29202
1997-12-01,[71629] BASIN FRUITLAND COAL (GAS),0,20370,80,30,30-045-29202
1997-12-01,[71629] BASIN FRUITLAND COAL (GAS),0,20392,0,31,30-045-29202
1998-12-01,[71629] BASIN FRUITLAND COAL (GAS),0,19963,160,31,30-045-29202
1998-12-01,[71629] BASIN FRUITLAND COAL (GAS),0,17819,80,28,30-045-29202
1998-12-01,[71629] BASIN FRUITLAND COAL (GAS),0,19596,118,31,30-045-29202
1998-12-01,[71629] BASIN FRUITLAND COAL (GAS),0,18430,54,30,30-045-29202
1998-12-01,[71629] BASIN FRUITLAND COAL (GAS),0,17087,47,31,30-045-29202
1998-12-01,[71629] BASIN FRUITLAND COAL (GAS),0,17654,129,30,30-045-29202
1998-12-01,[71629] BASIN FRUITLAND COAL (GAS),0,17486,46,31,30-045-29202
1998-12-01,[71629] BASIN FRUITLAND COAL (GAS),0,16747,51,31,30-045-29202
1998-12-01,[71629] BASIN FRUITLAND COAL (GAS),0,16432,141,30,30-045-29202
1998-12-01,[71629] BASIN FRUITLAND COAL (GAS),0,16775,34,31,30-045-29202
1998-12-01,[71629] BASIN FRUITLAND COAL (GAS),0,15818,18,30,30-045-29202
1998-12-01,[71629] BASIN FRUITLAND COAL (GAS),0,14213,342,31,30-045-29202
1999-12-01,[71629] BASIN FRUITLAND COAL (GAS),0,14480,170,31,30-045-29202
1999-12-01,[71629] BASIN FRUITLAND COAL (GAS),0,14407,50,29,30-045-29202
1999-12-01,[71629] BASIN FRUITLAND COAL (GAS),0,14869,57,31,30-045-29202
1999-12-01,[71629] BASIN FRUITLAND COAL (GAS),0,12996,58,30,30-045-29202
1999-12-01,[71629] BASIN FRUITLAND COAL (GAS),0,13933,113,31,30-045-29202
1999-12-01,[71629] BASIN FRUITLAND COAL (GAS),0,14113,55,30,30-045-29202
1999-12-01,[71629] BASIN FRUITLAND COAL (GAS),0,13397,33,31,30-045-29202
1999-12-01,[71629] BASIN FRUITLAND COAL (GAS),0,14672,34,31,30-045-29202
1999-12-01,[71629] BASIN FRUITLAND COAL (GAS),0,14096,47,30,30-045-29202
1999-12-01,[71629] BASIN FRUITLAND COAL (GAS),0,13207,48,31,30-045-29202
1999-12-01,[71629] BASIN FRUITLAND COAL (GAS),0,13410,192,30,30-045-29202
1999-12-01,[71629] BASIN FRUITLAND COAL (GAS),0,13163,63,31,30-045-29202
2000-12-01,[71629] BASIN FRUITLAND COAL (GAS),0,12943,60,31,30-045-29202
2000-12-01,[71629] BASIN FRUITLAND COAL (GAS),0,10542,41,28,30-045-29202
2000-12-01,[71629] BASIN FRUITLAND COAL (GAS),0,12615,44,31,30-045-29202
2000-12-01,[71629] BASIN FRUITLAND COAL (GAS),0,11996,40,30,30-045-29202
2000-12-01,[71629] BASIN FRUITLAND COAL (GAS),0,11927,49,31,30-045-29202
2000-12-01,[71629] BASIN FRUITLAND COAL (GAS),0,11731,50,30,30-045-29202
2000-12-01,[71629] BASIN FRUITLAND COAL (GAS),0,11935,58,31,30-045-29202
2000-12-01,[71629] BASIN FRUITLAND COAL (GAS),0,10576,56,31,30-045-29202
2000-12-01,[71629] BASIN FRUITLAND COAL (GAS),0,9324,59,30,30-045-29202
2000-12-01,[71629] BASIN FRUITLAND COAL (GAS),0,10026,56,31,30-045-29202
2000-12-01,[71629] BASIN FRUITLAND COAL (GAS),0,10807,134,30,30-045-29202
2000-12-01,[71629] BASIN FRUITLAND COAL (GAS),0,11324,41,31,30-045-29202
2001-12-01,[71629] BASIN FRUITLAND COAL (GAS),0,11260,55,31,30-045-29202
2001-12-01,[71629] BASIN FRUITLAND COAL (GAS),0,8939,54,28,30-045-29202
2001-12-01,[71629] BASIN FRUITLAND COAL (GAS),0,11200,56,31,30-045-29202
2001-12-01,[71629] BASIN FRUITLAND COAL (GAS),0,10615,54,30,30-045-29202
2001-12-01,[71629] BASIN FRUITLAND COAL (GAS),0,10167,62,31,30-045-29202
2001-12-01,[71629] BASIN FRUITLAND COAL (GAS),0,10601,54,30,30-045-29202
2001-12-01,[71629] BASIN FRUITLAND COAL (GAS),0,10671,67,31,30-045-29202
2001-12-01,[71629] BASIN FRUITLAND COAL (GAS),0,9893,72,31,30-045-29202
2001-12-01,[71629] BASIN FRUITLAND COAL (GAS),0,9836,55,30,30-045-29202
2001-12-01,[71629] BASIN FRUITLAND COAL (GAS),0,9690,66,31,30-045-29202
2001-12-01,[71629] BASIN FRUITLAND COAL (GAS),0,9171,95,30,30-045-29202
2001-12-01,[71629] BASIN FRUITLAND COAL (GAS),0,8979,42,31,30-045-29202
2002-12-01,[71629] BASIN FRUITLAND COAL (GAS),0,9155,16,31,30-045-29202
2002-12-01,[71629] BASIN FRUITLAND COAL (GAS),0,8107,72,28,30-045-29202
2002-12-01,[71629] BASIN FRUITLAND COAL (GAS),0,8903,64,31,30-045-29202
2002-12-01,[71629] BASIN FRUITLAND COAL (GAS),0,8654,59,30,30-045-29202
2002-12-01,[71629] BASIN FRUITLAND COAL (GAS),0,8774,71,31,30-045-29202
2002-12-01,[71629] BASIN FRUITLAND COAL (GAS),0,8594,41,30,30-045-29202
2002-12-01,[71629] BASIN FRUITLAND COAL (GAS),0,8631,43,31,30-045-29202
2002-12-01,[71629] BASIN FRUITLAND COAL (GAS),0,8946,15,31,30-045-29202
2002-12-01,[71629] BASIN FRUITLAND COAL (GAS),0,8684,59,30,30-045-29202
2002-12-01,[71629] BASIN FRUITLAND COAL (GAS),0,8816,43,31,30-045-29202
2002-12-01,[71629] BASIN FRUITLAND COAL (GAS),0,8391,65,30,30-045-29202
2002-12-01,[71629] BASIN FRUITLAND COAL (GAS),0,8973,77,31,30-045-29202
2003-12-01,[71629] BASIN FRUITLAND COAL (GAS),0,8670,80,31,30-045-29202
2003-12-01,[71629] BASIN FRUITLAND COAL (GAS),0,7775,70,29,30-045-29202
2003-12-01,[71629] BASIN FRUITLAND COAL (GAS),0,7343,86,31,30-045-29202
2003-12-01,[71629] BASIN FRUITLAND COAL (GAS),0,4360,62,30,30-045-29202
2003-12-01,[71629] BASIN FRUITLAND COAL (GAS),0,4724,37,31,30-045-29202
2003-12-01,[71629] BASIN FRUITLAND COAL (GAS),0,2359,81,30,30-045-29202
2003-12-01,[71629] BASIN FRUITLAND COAL (GAS),0,5861,21,31,30-045-29202
2003-12-01,[71629] BASIN FRUITLAND COAL (GAS),0,4316,62,31,30-045-29202
2003-12-01,[71629] BASIN FRUITLAND COAL (GAS),0,3002,31,30,30-045-29202
2003-12-01,[71629] BASIN FRUITLAND COAL (GAS),0,2467,39,27,30-045-29202
2003-12-01,[71629] BASIN FRUITLAND COAL (GAS),0,3657,44,30,30-045-29202
2003-12-01,[71629] BASIN FRUITLAND COAL (GAS),0,6853,6,31,30-045-29202
2004-12-01,[71629] BASIN FRUITLAND COAL (GAS),0,8386,61,31,30-045-29202
2004-12-01,[71629] BASIN FRUITLAND COAL (GAS),0,7343,134,28,30-045-29202
2004-12-01,[71629] BASIN FRUITLAND COAL (GAS),0,6794,365,31,30-045-29202
2004-12-01,[71629] BASIN FRUITLAND COAL (GAS),0,7069,12,30,30-045-29202
2004-12-01,[71629] BASIN FRUITLAND COAL (GAS),0,5679,12,31,30-045-29202
2004-12-01,[71629] BASIN FRUITLAND COAL (GAS),0,4566,71,30,30-045-29202
2004-12-01,[71629] BASIN FRUITLAND COAL (GAS),0,4090,50,31,30-045-29202
2004-12-01,[71629] BASIN FRUITLAND COAL (GAS),0,2818,27,24,30-045-29202
2004-12-01,[71629] BASIN FRUITLAND COAL (GAS),0,5702,30,30,30-045-29202
2004-12-01,[71629] BASIN FRUITLAND COAL (GAS),0,5135,10,31,30-045-29202
2004-12-01,[71629] BASIN FRUITLAND COAL (GAS),0,4133,9,28,30-045-29202
2004-12-01,[71629] BASIN FRUITLAND COAL (GAS),0,4139,9,28,30-045-29202
2005-12-01,[71629] BASIN FRUITLAND COAL (GAS),0,2660,178,31,30-045-29202
2005-12-01,[71629] BASIN FRUITLAND COAL (GAS),0,2799,5,28,30-045-29202
2005-12-01,[71629] BASIN FRUITLAND COAL (GAS),0,3716,37,31,30-045-29202
2005-12-01,[71629] BASIN FRUITLAND COAL (GAS),0,3392,24,30,30-045-29202
2005-12-01,[71629] BASIN FRUITLAND COAL (GAS),0,3098,76,31,30-045-29202
2005-12-01,[71629] BASIN FRUITLAND COAL (GAS),0,3078,5,30,30-045-29202
2005-12-01,[71629] BASIN FRUITLAND COAL (GAS),0,2865,25,31,30-045-29202
2005-12-01,[71629] BASIN FRUITLAND COAL (GAS),0,3941,5,31,30-045-29202
2005-12-01,[71629] BASIN FRUITLAND COAL (GAS),0,3124,7,30,30-045-29202
2005-12-01,[71629] BASIN FRUITLAND COAL (GAS),0,3348,85,31,30-045-29202
2005-12-01,[71629] BASIN FRUITLAND COAL (GAS),0,2965,6,30,30-045-29202
2005-12-01,[71629] BASIN FRUITLAND COAL (GAS),0,3569,68,31,30-045-29202
2006-12-01,[71629] BASIN FRUITLAND COAL (GAS),0,3648,6,31,30-045-29202
2006-12-01,[71629] BASIN FRUITLAND COAL (GAS),0,2528,44,28,30-045-29202
2006-12-01,[71629] BASIN FRUITLAND COAL (GAS),0,2851,44,31,30-045-29202
2006-12-01,[71629] BASIN FRUITLAND COAL (GAS),0,3036,41,30,30-045-29202
2006-12-01,[71629] BASIN FRUITLAND COAL (GAS),0,3096,30,31,30-045-29202
2006-12-01,[71629] BASIN FRUITLAND COAL (GAS),0,2815,57,30,30-045-29202
2006-12-01,[71629] BASIN FRUITLAND COAL (GAS),0,3286,5,30,30-045-29202
2006-12-01,[71629] BASIN FRUITLAND COAL (GAS),0,3196,35,31,30-045-29202
2006-12-01,[71629] BASIN FRUITLAND COAL (GAS),0,3113,5,30,30-045-29202
2006-12-01,[71629] BASIN FRUITLAND COAL (GAS),0,3123,30,31,30-045-29202
2006-12-01,[71629] BASIN FRUITLAND COAL (GAS),0,3006,30,30,30-045-29202
2006-12-01,[71629] BASIN FRUITLAND COAL (GAS),0,3119,46,31,30-045-29202
2007-12-01,[71629] BASIN FRUITLAND COAL (GAS),0,2967,5,31,30-045-29202
2007-12-01,[71629] BASIN FRUITLAND COAL (GAS),0,2746,29,29,30-045-29202
2007-12-01,[71629] BASIN FRUITLAND COAL (GAS),0,2570,5,31,30-045-29202
2007-12-01,[71629] BASIN FRUITLAND COAL (GAS),0,2856,29,30,30-045-29202
2007-12-01,[71629] BASIN FRUITLAND COAL (GAS),0,2712,5,31,30-045-29202
2007-12-01,[71629] BASIN FRUITLAND COAL (GAS),0,2776,5,30,30-045-29202
2007-12-01,[71629] BASIN FRUITLAND COAL (GAS),0,2823,27,31,30-045-29202
2007-12-01,[71629] BASIN FRUITLAND COAL (GAS),0,2775,5,31,30-045-29202
2007-12-01,[71629] BASIN FRUITLAND COAL (GAS),0,2637,21,30,30-045-29202
2007-12-01,[71629] BASIN FRUITLAND COAL (GAS),0,2664,24,31,30-045-29202
2007-12-01,[71629] BASIN FRUITLAND COAL (GAS),0,2546,4,30,30-045-29202
2007-12-01,[71629] BASIN FRUITLAND COAL (GAS),0,2410,18,31,30-045-29202
2008-12-01,[71629] BASIN FRUITLAND COAL (GAS),0,80,4,26,30-045-29202
2008-12-01,[71629] BASIN FRUITLAND COAL (GAS),0,2550,1,26,30-045-29202
2008-12-01,[71629] BASIN FRUITLAND COAL (GAS),0,4387,4,31,30-045-29202
2008-12-01,[71629] BASIN FRUITLAND COAL (GAS),0,3508,6,30,30-045-29202
2008-12-01,[71629] BASIN FRUITLAND COAL (GAS),0,3282,6,31,30-045-29202
2008-12-01,[71629] BASIN FRUITLAND COAL (GAS),0,2597,4,30,30-045-29202
2008-12-01,[71629] BASIN FRUITLAND COAL (GAS),0,3052,5,31,30-045-29202
2008-12-01,[71629] BASIN FRUITLAND COAL (GAS),0,2525,4,31,30-045-29202
2008-12-01,[71629] BASIN FRUITLAND COAL (GAS),0,2308,4,30,30-045-29202
2008-12-01,[71629] BASIN FRUITLAND COAL (GAS),0,2787,5,31,30-045-29202
2008-12-01,[71629] BASIN FRUITLAND COAL (GAS),0,2254,4,30,30-045-29202
2008-12-01,[71629] BASIN FRUITLAND COAL (GAS),0,1691,3,31,30-045-29202
2009-12-01,[71629] BASIN FRUITLAND COAL (GAS),0,1192,2,31,30-045-29202
2009-12-01,[71629] BASIN FRUITLAND COAL (GAS),0,3721,7,28,30-045-29202
2009-12-01,[71629] BASIN FRUITLAND COAL (GAS),0,2731,5,31,30-045-29202
2009-12-01,[71629] BASIN FRUITLAND COAL (GAS),0,2411,4,30,30-045-29202
2009-12-01,[71629] BASIN FRUITLAND COAL (GAS),0,2397,4,31,30-045-29202
2009-12-01,[71629] BASIN FRUITLAND COAL (GAS),0,2285,4,30,30-045-29202
2009-12-01,[71629] BASIN FRUITLAND COAL (GAS),0,2321,4,31,30-045-29202
2009-12-01,[71629] BASIN FRUITLAND COAL (GAS),0,2101,0,31,30-045-29202
2009-12-01,[71629] BASIN FRUITLAND COAL (GAS),0,3222,0,30,30-045-29202
2009-12-01,[71629] BASIN FRUITLAND COAL (GAS),0,3046,8,31,30-045-29202
2009-12-01,[71629] BASIN FRUITLAND COAL (GAS),0,2280,4,30,30-045-29202
2009-12-01,[71629] BASIN FRUITLAND COAL (GAS),0,3773,9,31,30-045-29202
2010-12-01,[71629] BASIN FRUITLAND COAL (GAS),0,843,2,31,30-045-29202
2010-12-01,[71629] BASIN FRUITLAND COAL (GAS),0,4416,53,28,30-045-29202
2010-12-01,[71629] BASIN FRUITLAND COAL (GAS),0,3212,10,31,30-045-29202
2010-12-01,[71629] BASIN FRUITLAND COAL (GAS),0,2710,9,30,30-045-29202
2010-12-01,[71629] BASIN FRUITLAND COAL (GAS),0,3144,9,31,30-045-29202
2010-12-01,[71629] BASIN FRUITLAND COAL (GAS),0,3112,7,30,30-045-29202
2010-12-01,[71629] BASIN FRUITLAND COAL (GAS),0,2849,7,31,30-045-29202
2010-12-01,[71629] BASIN FRUITLAND COAL (GAS),0,3024,6,31,30-045-29202
2010-12-01,[71629] BASIN FRUITLAND COAL (GAS),0,2752,6,30,30-045-29202
2010-12-01,[71629] BASIN FRUITLAND COAL (GAS),0,2556,7,31,30-045-29202
2010-12-01,[71629] BASIN FRUITLAND COAL (GAS),0,2878,8,30,30-045-29202
2010-12-01,[71629] BASIN FRUITLAND COAL (GAS),0,2847,6,31,30-045-29202
2011-12-01,[71629] BASIN FRUITLAND COAL (GAS),0,2745,45,31,30-045-29202
2011-12-01,[71629] BASIN FRUITLAND COAL (GAS),0,2371,6,23,30-045-29202
2011-12-01,[71629] BASIN FRUITLAND COAL (GAS),0,2553,7,31,30-045-29202
2011-12-01,[71629] BASIN FRUITLAND COAL (GAS),0,2625,6,30,30-045-29202
2011-12-01,[71629] BASIN FRUITLAND COAL (GAS),0,2895,9,31,30-045-29202
2011-12-01,[71629] BASIN FRUITLAND COAL (GAS),0,2680,8,30,30-045-29202
2011-12-01,[71629] BASIN FRUITLAND COAL (GAS),0,2822,11,31,30-045-29202
2011-12-01,[71629] BASIN FRUITLAND COAL (GAS),0,2688,6,31,30-045-29202
2011-12-01,[71629] BASIN FRUITLAND COAL (GAS),0,2943,7,30,30-045-29202
2011-12-01,[71629] BASIN FRUITLAND COAL (GAS),0,3684,10,31,30-045-29202
2011-12-01,[71629] BASIN FRUITLAND COAL (GAS),0,2729,8,30,30-045-29202
2011-12-01,[71629] BASIN FRUITLAND COAL (GAS),0,2471,7,31,30-045-29202
2012-12-01,[71629] BASIN FRUITLAND COAL (GAS),0,2986,5,31,30-045-29202
2012-12-01,[71629] BASIN FRUITLAND COAL (GAS),0,1709,39,28,30-045-29202
2012-12-01,[71629] BASIN FRUITLAND COAL (GAS),0,2612,6,31,30-045-29202
2012-12-01,[71629] BASIN FRUITLAND COAL (GAS),0,2557,7,30,30-045-29202
2012-12-01,[71629] BASIN FRUITLAND COAL (GAS),0,2640,10,31,30-045-29202
2012-12-01,[71629] BASIN FRUITLAND COAL (GAS),0,2575,2,30,30-045-29202
2012-12-01,[71629] BASIN FRUITLAND COAL (GAS),0,2722,3,31,30-045-29202
2012-12-01,[71629] BASIN FRUITLAND COAL (GAS),0,2746,2,31,30-045-29202
2012-12-01,[71629] BASIN FRUITLAND COAL (GAS),0,2656,2,30,30-045-29202
2012-12-01,[71629] BASIN FRUITLAND COAL (GAS),0,2617,1,31,30-045-29202
2012-12-01,[71629] BASIN FRUITLAND COAL (GAS),0,2098,1,30,30-045-29202
2012-12-01,[71629] BASIN FRUITLAND COAL (GAS),0,2286,25,31,30-045-29202
2013-12-01,[71629] BASIN FRUITLAND COAL (GAS),0,2313,4,31,30-045-29202
2013-12-01,[71629] BASIN FRUITLAND COAL (GAS),0,2616,0,28,30-045-29202
2013-12-01,[71629] BASIN FRUITLAND COAL (GAS),0,2824,7,31,30-045-29202
2013-12-01,[71629] BASIN FRUITLAND COAL (GAS),0,2620,5,30,30-045-29202
2013-12-01,[71629] BASIN FRUITLAND COAL (GAS),0,2723,5,31,30-045-29202
2013-12-01,[71629] BASIN FRUITLAND COAL (GAS),0,2654,5,30,30-045-29202
2013-12-01,[71629] BASIN FRUITLAND COAL (GAS),0,2637,6,31,30-045-29202
2013-12-01,[71629] BASIN FRUITLAND COAL (GAS),0,2081,4,31,30-045-29202
2013-12-01,[71629] BASIN FRUITLAND COAL (GAS),0,1543,2,30,30-045-29202
2013-12-01,[71629] BASIN FRUITLAND COAL (GAS),0,3210,5,31,30-045-29202
2013-12-01,[71629] BASIN FRUITLAND COAL (GAS),0,2709,5,30,30-045-29202
2013-12-01,[71629] BASIN FRUITLAND COAL (GAS),0,2475,4,31,30-045-29202
2014-12-01,[71629] BASIN FRUITLAND COAL (GAS),0,2548,0,31,30-045-29202
2014-12-01,[71629] BASIN FRUITLAND COAL (GAS),0,1846,0,28,30-045-29202
2014-12-01,[71629] BASIN FRUITLAND COAL (GAS),0,1969,0,31,30-045-29202
2014-12-01,[71629] BASIN FRUITLAND COAL (GAS),0,2110,45,30,30-045-29202
2014-12-01,[71629] BASIN FRUITLAND COAL (GAS),0,2273,0,31,30-045-29202
2014-12-01,[71629] BASIN FRUITLAND COAL (GAS),0,1800,0,30,30-045-29202
2014-12-01,[71629] BASIN FRUITLAND COAL (GAS),0,2602,0,31,30-045-29202
2014-12-01,[71629] BASIN FRUITLAND COAL (GAS),0,2191,20,31,30-045-29202
2014-12-01,[71629] BASIN FRUITLAND COAL (GAS),0,2368,0,30,30-045-29202
2014-12-01,[71629] BASIN FRUITLAND COAL (GAS),0,3139,0,31,30-045-29202
2014-12-01,[71629] BASIN FRUITLAND COAL (GAS),0,2884,0,30,30-045-29202
2014-12-01,[71629] BASIN FRUITLAND COAL (GAS),0,2601,0,31,30-045-29202
2015-12-01,[71629] BASIN FRUITLAND COAL (GAS),0,2484,0,31,30-045-29202
2015-12-01,[71629] BASIN FRUITLAND COAL (GAS),0,2253,0,29,30-045-29202
2015-12-01,[71629] BASIN FRUITLAND COAL (GAS),0,2174,0,31,30-045-29202
2015-12-01,[71629] BASIN FRUITLAND COAL (GAS),0,2008,0,30,30-045-29202
2015-12-01,[71629] BASIN FRUITLAND COAL (GAS),0,264,0,31,30-045-29202
2015-12-01,[71629] BASIN FRUITLAND COAL (GAS),0,3475,0,30,30-045-29202
2015-12-01,[71629] BASIN FRUITLAND COAL (GAS),0,3795,0,31,30-045-29202
2015-12-01,[71629] BASIN FRUITLAND COAL (GAS),0,1052,0,31,30-045-29202
2015-12-01,[71629] BASIN FRUITLAND COAL (GAS),0,3602,0,30,30-045-29202
2015-12-01,[71629] BASIN FRUITLAND COAL (GAS),0,3108,0,31,30-045-29202
2015-12-01,[71629] BASIN FRUITLAND COAL (GAS),0,3348,0,29,30-045-29202
2015-12-01,[71629] BASIN FRUITLAND COAL (GAS),0,3451,80,27,30-045-29202
2016-12-01,[71629] BASIN FRUITLAND COAL (GAS),0,4085,80,31,30-045-29202
2016-12-01,[71629] BASIN FRUITLAND COAL (GAS),0,3742,0,28,30-045-29202
2016-12-01,[71629] BASIN FRUITLAND COAL (GAS),0,4044,0,31,30-045-29202
2016-12-01,[71629] BASIN FRUITLAND COAL (GAS),0,3719,82,30,30-045-29202
2016-12-01,[71629] BASIN FRUITLAND COAL (GAS),0,3423,379,31,30-045-29202
2016-12-01,[71629] BASIN FRUITLAND COAL (GAS),0,3665,19,30,30-045-29202
2016-12-01,[71629] BASIN FRUITLAND COAL (GAS),0,3563,16,31,30-045-29202
2016-12-01,[71629] BASIN FRUITLAND COAL (GAS),0,2896,35,31,30-045-29202
2016-12-01,[71629] BASIN FRUITLAND COAL (GAS),0,3372,393,30,30-045-29202
2016-12-01,[71629] BASIN FRUITLAND COAL (GAS),0,3323,501,31,30-045-29202
2016-12-01,[71629] BASIN FRUITLAND COAL (GAS),0,3468,329,30,30-045-29202
2016-12-01,[71629] BASIN FRUITLAND COAL (GAS),0,3591,44,31,30-045-29202
2017-12-01,[71629] BASIN FRUITLAND COAL (GAS),0,3474,528,31,30-045-29202
2017-12-01,[71629] BASIN FRUITLAND COAL (GAS),0,3206,376,28,30-045-29202
2017-12-01,[71629] BASIN FRUITLAND COAL (GAS),0,3541,358,31,30-045-29202
2017-12-01,[71629] BASIN FRUITLAND COAL (GAS),0,3349,349,30,30-045-29202
2017-12-01,[71629] BASIN FRUITLAND COAL (GAS),0,3474,126,31,30-045-29202
2017-12-01,[71629] BASIN FRUITLAND COAL (GAS),0,2717,127,30,30-045-29202
2017-12-01,[71629] BASIN FRUITLAND COAL (GAS),0,3650,138,31,30-045-29202
2017-12-01,[71629] BASIN FRUITLAND COAL (GAS),0,4175,137,31,30-045-29202
2017-12-01,[71629] BASIN FRUITLAND COAL (GAS),0,3666,79,30,30-045-29202
2017-12-01,[71629] BASIN FRUITLAND COAL (GAS),0,4014,34,31,30-045-29202
2017-12-01,[71629] BASIN FRUITLAND COAL (GAS),0,3592,171,30,30-045-29202
2017-12-01,[71629] BASIN FRUITLAND COAL (GAS),0,3548,50,31,30-045-29202
2018-12-01,[71629] BASIN FRUITLAND COAL (GAS),0,3423,82,31,30-045-29202
2018-12-01,[71629] BASIN FRUITLAND COAL (GAS),0,2833,0,28,30-045-29202
2018-12-01,[71629] BASIN FRUITLAND COAL (GAS),0,3143,89,31,30-045-29202
2018-12-01,[71629] BASIN FRUITLAND COAL (GAS),0,3730,183,30,30-045-29202
2018-12-01,[71629] BASIN FRUITLAND COAL (GAS),0,4193,112,31,30-045-29202
2018-12-01,[71629] BASIN FRUITLAND COAL (GAS),0,4009,13,30,30-045-29202
2018-12-01,[71629] BASIN FRUITLAND COAL (GAS),0,4136,190,31,30-045-29202
2018-12-01,[71629] BASIN FRUITLAND COAL (GAS),0,4159,113,31,30-045-29202
2018-12-01,[71629] BASIN FRUITLAND COAL (GAS),0,4010,107,30,30-045-29202
2018-12-01,[71629] BASIN FRUITLAND COAL (GAS),0,3848,239,31,30-045-29202
2018-12-01,[71629] BASIN FRUITLAND COAL (GAS),0,3800,174,30,30-045-29202
2018-12-01,[71629] BASIN FRUITLAND COAL (GAS),0,3226,299,31,30-045-29202
2019-12-01,[71629] BASIN FRUITLAND COAL (GAS),0,3595,73,31,30-045-29202
2019-12-01,[71629] BASIN FRUITLAND COAL (GAS),0,3456,164,29,30-045-29202
2019-12-01,[71629] BASIN FRUITLAND COAL (GAS),0,3886,255,31,30-045-29202
2019-12-01,[71629] BASIN FRUITLAND COAL (GAS),0,3722,296,30,30-045-29202
2019-12-01,[71629] BASIN FRUITLAND COAL (GAS),0,3887,744,31,30-045-29202
2019-12-01,[71629] BASIN FRUITLAND COAL (GAS),0,3651,25,30,30-045-29202
2019-12-01,[71629] BASIN FRUITLAND COAL (GAS),0,4006,130,31,30-045-29202
2019-12-01,[71629] BASIN FRUITLAND COAL (GAS),0,3685,358,31,30-045-29202
2019-12-01,[71629] BASIN FRUITLAND COAL (GAS),0,3787,2050,30,30-045-29202
2019-12-01,[71629] BASIN FRUITLAND COAL (GAS),0,3677,121,31,30-045-29202
2019-12-01,[71629] BASIN FRUITLAND COAL (GAS),0,3581,2938,30,30-045-29202
2019-12-01,[71629] BASIN FRUITLAND COAL (GAS),0,3746,87,31,30-045-29202
2020-12-01,[71629] BASIN FRUITLAND COAL (GAS),0,3529,0,31,30-045-29202
2020-12-01,[71629] BASIN FRUITLAND COAL (GAS),0,3340,0,28,30-045-29202
2020-12-01,[71629] BASIN FRUITLAND COAL (GAS),0,3192,0,31,30-045-29202
2020-12-01,[71629] BASIN FRUITLAND COAL (GAS),0,3613,0,30,30-045-29202
2020-12-01,[71629] BASIN FRUITLAND COAL (GAS),0,3580,80,31,30-045-29202
2020-12-01,[71629] BASIN FRUITLAND COAL (GAS),0,3236,80,30,30-045-29202
2020-12-01,[71629] BASIN FRUITLAND COAL (GAS),0,2712,0,31,30-045-29202
2020-12-01,[71629] BASIN FRUITLAND COAL (GAS),0,2591,0,31,30-045-29202
2020-12-01,[71629] BASIN FRUITLAND COAL (GAS),0,2258,0,30,30-045-29202
2020-12-01,[71629] BASIN FRUITLAND COAL (GAS),0,2209,0,31,30-045-29202
2020-12-01,[71629] BASIN FRUITLAND COAL (GAS),0,2810,0,30,30-045-29202
2020-12-01,[71629] BASIN FRUITLAND COAL (GAS),0,2782,80,31,30-045-29202
2021-12-01,[71629] BASIN FRUITLAND COAL (GAS),0,4031,130,31,30-045-29202
2021-12-01,[71629] BASIN FRUITLAND COAL (GAS),0,3232,21,28,30-045-29202
2021-12-01,[71629] BASIN FRUITLAND COAL (GAS),0,3294,54,31,30-045-29202
2021-12-01,[71629] BASIN FRUITLAND COAL (GAS),0,2584,0,30,30-045-29202
2021-12-01,[71629] BASIN FRUITLAND COAL (GAS),0,135,0,31,30-045-29202
2021-12-01,[71629] BASIN FRUITLAND COAL (GAS),0,1884,0,30,30-045-29202
2021-12-01,[71629] BASIN FRUITLAND COAL (GAS),0,4060,0,31,30-045-29202
2021-12-01,[71629] BASIN FRUITLAND COAL (GAS),0,3086,85,31,30-045-29202
2021-12-01,[71629] BASIN FRUITLAND COAL (GAS),0,3386,130,30,30-045-29202
2021-12-01,[71629] BASIN FRUITLAND COAL (GAS),0,3371,27,31,30-045-29202
2021-12-01,[71629] BASIN FRUITLAND COAL (GAS),0,3170,80,30,30-045-29202
2021-12-01,[71629] BASIN FRUITLAND COAL (GAS),0,3920,160,31,30-045-29202
2022-12-01,[71629] BASIN FRUITLAND COAL (GAS),0,3132,0,31,30-045-29202
2022-12-01,[71629] BASIN FRUITLAND COAL (GAS),0,2407,0,28,30-045-29202
2022-12-01,[71629] BASIN FRUITLAND COAL (GAS),0,2313,0,31,30-045-29202
2022-12-01,[71629] BASIN FRUITLAND COAL (GAS),0,3219,261,30,30-045-29202
2022-12-01,[71629] BASIN FRUITLAND COAL (GAS),0,3955,0,31,30-045-29202
2022-12-01,[71629] BASIN FRUITLAND COAL (GAS),0,3498,0,30,30-045-29202
2022-12-01,[71629] BASIN FRUITLAND COAL (GAS),0,3760,124,31,30-045-29202
2022-12-01,[71629] BASIN FRUITLAND COAL (GAS),0,3727,57,31,30-045-29202
2022-12-01,[71629] BASIN FRUITLAND COAL (GAS),0,2728,0,30,30-045-29202
2022-12-01,[71629] BASIN FRUITLAND COAL (GAS),0,3147,267,31,30-045-29202
2022-12-01,[71629] BASIN FRUITLAND COAL (GAS),0,2049,0,30,30-045-29202
2022-12-01,[71629] BASIN FRUITLAND COAL (GAS),0,3616,0,31,30-045-29202
2023-12-01,[71629] BASIN FRUITLAND COAL (GAS),0,2889,0,31,30-045-29202
2023-12-01,[71629] BASIN FRUITLAND COAL (GAS),0,2370,0,29,30-045-29202
2023-12-01,[71629] BASIN FRUITLAND COAL (GAS),0,2889,0,31,30-045-29202
2023-12-01,[71629] BASIN FRUITLAND COAL (GAS),0,2875,68,30,30-045-29202
2023-12-01,[71629] BASIN FRUITLAND COAL (GAS),0,2930,58,31,30-045-29202
2023-12-01,[71629] BASIN FRUITLAND COAL (GAS),0,2649,0,30,30-045-29202
2023-12-01,[71629] BASIN FRUITLAND COAL (GAS),0,2571,0,31,30-045-29202
2023-12-01,[71629] BASIN FRUITLAND COAL (GAS),0,2584,73,31,30-045-29202
2023-12-01,[71629] BASIN FRUITLAND COAL (GAS),0,3440,147,30,30-045-29202